{
        "name": "#1 10 targets - Shilka",
        "assets": [
          {
            "id": "24d59613-d822-7e0e-a3ff-ae200291be0e",
            "area": {
              "id": "a42522c3-3e5e-4d80-90b9-feef756e07ec",
              "type": "Feature",
              "geometry": {
                "type": "Polygon",
                "coordinates": [
                  [
                    [
                      34.946899386122816,
                      32.84805782518683
                    ],
                    [
                      34.9835205078125,
                      32.74955261305688
                    ],
                    [
                      35.00488279387354,
                      32.75571236120929
                    ],
                    [
                      35.129394540563226,
                      32.86446471705713
                    ],
                    [
                      35.11230467818677,
                      32.951063409801236
                    ],
                    [
                      35.06103517487645,
                      32.951063409801236
                    ],
                    [
                      34.946899386122816,
                      32.84805782518683
                    ]
                  ]
                ]
              },
              "properties": {
                "id": "24d59613-d822-7e0e-a3ff-ae200291be0e",
                "icon": "",
                "mode": "Polygon",
                "label": "low",
                "style": {
                  "initial": {
                    "fill": "rgba(83,202,255, 0.9)",
                    "fill-opacity": 0.1,
                    "stroke": "rgba(83,202,255, 0.9)",
                    "stroke-width": 2
                  },
                  "opacity": 1
                },
                "showLabel": true,
                "showMeasures": false
              }
            },
            "name": "low",
            "priority": "Low",
            "resolution": null
          },
          {
            "id": "e1a2c68b-afe4-b58f-87c9-3d1aa09d50a5",
            "area": {
              "id": "2e0583e5-3014-41bb-883a-6c9bd66ff762",
              "type": "Feature",
              "geometry": {
                "type": "Polygon",
                "coordinates": [
                  [
                    [
                      35.246715494135735,
                      33.08596210053253
                    ],
                    [
                      35.091651180066506,
                      33.102387348454684
                    ],
                    [
                      35.05912337295331,
                      33.00229502637751
                    ],
                    [
                      35.06714393986737,
                      32.95744070061727
                    ],
                    [
                      35.09566146352354,
                      32.94771927380644
                    ],
                    [
                      35.152251032570994,
                      32.97874935096566
                    ],
                    [
                      35.246715494135735,
                      33.08596210053253
                    ]
                  ]
                ]
              },
              "properties": {
                "id": "e1a2c68b-afe4-b58f-87c9-3d1aa09d50a5",
                "icon": "",
                "mode": "Polygon",
                "label": "med",
                "style": {
                  "initial": {
                    "fill": "rgba(255, 169, 83, 0.9)",
                    "fill-opacity": 0.1,
                    "stroke": "rgba(255, 169, 83, 0.9)",
                    "stroke-width": 2
                  },
                  "opacity": 1
                },
                "showLabel": true,
                "showMeasures": false
              }
            },
            "name": "med",
            "priority": "Medium",
            "resolution": null
          }
        ],
        "threats": [],
        "policies": [],
        "createdAt": "2020-04-06T05:52:51.593Z",
        "updatedAt": "2020-04-06T05:52:51.593Z",
        "analysisId": "a51f6c6d-d3e0-4f29-85b0-7d0324b1a386",
        "deployments": [
          {
            "id": "bee61606-1575-444f-9edf-b4758342d5d3",
            "name": "Shilka",
            "model": {
              "name": "shilka",
              "type": "battery",
              "classification": "system"
            },
            "visible": true,
            "children": [
              {
                "id": "bc7c3deb-cfbe-4a7a-b8fc-5ce5254c152c",
                "name": "co-located",
                "model": {
                  "name": "sensor_type_rf",
                  "type": "sensor",
                  "classification": "physical"
                },
                "visible": false,
                "children": [],
                "entityId": "b0935577-53ab-48f1-b103-b5eeb769e55f",
                "properties": [
                  {
                    "id": 0,
                    "name": "name",
                    "type": "input",
                    "hidden": true,
                    "required": true,
                    "friendlyName": "Name"
                  },
                  {
                    "id": 2,
                    "name": "azimuth",
                    "type": "static",
                    "value": 0,
                    "required": true,
                    "friendlyName": "Azimuth"
                  },
                  {
                    "id": 3,
                    "name": "elevation",
                    "type": "input",
                    "value": 0,
                    "required": true,
                    "friendlyName": "Elevation"
                  },
                  {
                    "id": 4,
                    "name": "area",
                    "type": "geometry",
                    "value": {
                      "id": "5bb3acea-35d6-4d57-818f-597a63052982",
                      "type": "Feature",
                      "geometry": {
                        "type": "Point",
                        "coordinates": [
                          34.922409080900245,
                          32.99189934875753
                        ]
                      },
                      "properties": {
                        "id": "059fba10-e153-4fcb-8593-52874f953942",
                        "icon": "assets/images/radarIcon.SVG",
                        "style": {
                          "initial": {
                            "fill": "black",
                            "fill-opacity": 0.3,
                            "stroke": "black",
                            "stroke-width": 2
                          }
                        },
                        "showLabel": true,
                        "showMeasures": false,
                        "componentType": "sensor",
                        "configuration": {
                          "azimuth": 0,
                          "elevation": 0,
                          "radius": 20,
                          "sector": 180
                        }
                      }
                    },
                    "options": [
                      "polygon",
                      "point"
                    ],
                    "required": true,
                    "friendlyName": ""
                  },
                  {
                    "id": 5,
                    "name": "radius",
                    "type": "static",
                    "value": 20,
                    "required": true,
                    "friendlyName": "Radius"
                  },
                  {
                    "id": 6,
                    "name": "sector",
                    "type": "static",
                    "value": 180,
                    "required": true,
                    "friendlyName": "Sector"
                  }
                ],
                "systemTypeId": "afee83a6-c30d-4b86-f5d6-898f45de4ce6"
              },
              {
                "id": "b340e769-3e42-4813-8586-987975212898",
                "name": "co-located",
                "model": {
                  "name": "antenna_type_generic",
                  "type": "datalink",
                  "classification": "physical"
                },
                "visible": false,
                "children": [],
                "entityId": "40e28946-96bb-446c-b0f5-988fde16f6bf",
                "properties": [
                  {
                    "id": 0,
                    "name": "name",
                    "type": "input",
                    "hidden": true,
                    "required": true,
                    "defaultValue": null,
                    "friendlyName": "Name"
                  },
                  {
                    "id": 1,
                    "name": "area",
                    "type": "geometry",
                    "value": {
                      "id": "5bb3acea-35d6-4d57-818f-597a63052982",
                      "type": "Feature",
                      "geometry": {
                        "type": "Point",
                        "coordinates": [
                          34.922409080900245,
                          32.99189934875753
                        ]
                      },
                      "properties": {
                        "id": "2b33cb8f-d239-4b9e-b27a-48ff12b1eab1",
                        "icon": "assets/images/gdlIcon.SVG",
                        "style": {
                          "initial": {
                            "fill": "black",
                            "fill-opacity": 0.3,
                            "stroke": "black",
                            "stroke-width": 2
                          }
                        },
                        "showLabel": true,
                        "showMeasures": false,
                        "componentType": "datalink",
                        "configuration": {
                          "radius": 45
                        }
                      }
                    },
                    "options": [
                      "polygon",
                      "point"
                    ],
                    "required": true,
                    "friendlyName": ""
                  },
                  {
                    "id": 2,
                    "name": "radius",
                    "type": "static",
                    "value": 45,
                    "required": true,
                    "friendlyName": "Radius"
                  }
                ],
                "systemTypeId": "23a24af7-ks64-4c0c-813e-55e6902df744"
              },
              {
                "id": "ea4bb3b4-e3eb-47e2-b212-504a0d014f0d",
                "name": "eff",
                "model": {
                  "name": "effector_type_generic",
                  "type": "effector",
                  "classification": "physical"
                },
                "visible": true,
                "children": [],
                "entityId": "8fb999c0-0b73-4d8a-809b-ab58ea8cec71",
                "properties": [
                  {
                    "id": 0,
                    "name": "name",
                    "type": "input",
                    "value": "eff",
                    "hidden": true,
                    "required": true,
                    "friendlyName": "Name"
                  },
                  {
                    "id": 1,
                    "name": "area",
                    "type": "geometry",
                    "value": {
                      "id": "5bb3acea-35d6-4d57-818f-597a63052982",
                      "type": "Feature",
                      "geometry": {
                        "type": "Point",
                        "coordinates": [
                          34.922409080900245,
                          32.99189934875753
                        ]
                      },
                      "properties": {
                        "id": "606e5904-951f-4ab8-8f2f-a5a005df5022",
                        "icon": "assets/images/launcherIcon.SVG",
                        "label": "eff",
                        "style": {
                          "initial": {
                            "fill": "black",
                            "fill-opacity": 0.3,
                            "stroke": "black",
                            "stroke-width": 2
                          }
                        },
                        "showLabel": true,
                        "showMeasures": false,
                        "componentType": "effector",
                        "configuration": {
                          "name": "eff",
                          "radius": 3
                        }
                      }
                    },
                    "options": [
                      "polygon",
                      "point"
                    ],
                    "required": true,
                    "friendlyName": ""
                  },
                  {
                    "id": 2,
                    "name": "radius",
                    "type": "static",
                    "value": 3,
                    "required": true,
                    "friendlyName": "Radius"
                  }
                ],
                "systemTypeId": "e72b98ec-75d7-451a-u887-4e9918518888",
                "relatedComponentIds": [
                  "bc7c3deb-cfbe-4a7a-b8fc-5ce5254c152c",
                  "b340e769-3e42-4813-8586-987975212898"
                ]
              },
              {
                "id": "5af4a3fb-6927-40b7-b402-c426d3f2efd2",
                "name": "ccu",
                "model": {
                  "name": "c4i_type_generic",
                  "type": "c4i",
                  "classification": "physical"
                },
                "visible": true,
                "children": [],
                "entityId": "594d2d64-3db5-47da-906e-71296b7a64d9",
                "properties": [
                  {
                    "id": 0,
                    "name": "name",
                    "type": "input",
                    "value": "ccu",
                    "hidden": true,
                    "required": true,
                    "friendlyName": "Name"
                  },
                  {
                    "id": 1,
                    "name": "area",
                    "type": "geometry",
                    "value": {
                      "id": "e8b6cfa6-a475-478a-8844-2deb36c11f25",
                      "type": "Feature",
                      "geometry": {
                        "type": "Point",
                        "coordinates": [
                          35.04089354537427,
                          32.83831469527223
                        ]
                      },
                      "properties": {
                        "id": "fdb6980c-2546-4e59-a154-19e73a1c88f2",
                        "icon": "assets/images/bmcIcon.SVG",
                        "label": "ccu",
                        "style": {
                          "initial": {
                            "fill": "black",
                            "fill-opacity": 0.3,
                            "stroke": "black",
                            "stroke-width": 2
                          }
                        },
                        "showLabel": true,
                        "showMeasures": false,
                        "componentType": "c4i",
                        "configuration": {
                          "name": "ccu"
                        }
                      }
                    },
                    "options": [
                      "polygon",
                      "point"
                    ],
                    "required": true,
                    "friendlyName": ""
                  }
                ],
                "systemTypeId": "97e9d87f-93b5-4064-930e-61283560775c",
                "relatedComponentIds": []
              }
            ],
            "entityId": "d09a8ffc-8b0f-4dbc-ba4d-5948a6ac1a21",
            "properties": [
              {
                "id": 0,
                "name": "name",
                "type": "input",
                "value": "Shilka",
                "hidden": true,
                "required": true,
                "defaultValue": null,
                "friendlyName": "Name"
              },
              {
                "id": 1,
                "name": "systems",
                "type": "dropdown",
                "value": "shilka",
                "hidden": true,
                "required": true,
                "friendlyName": "Systems"
              },
              {
                "id": 2,
                "name": "area",
                "type": "geometry",
                "value": {
                  "id": "6e7af565-a76a-4a6b-81d8-76a1f2facd05",
                  "type": "Feature",
                  "geometry": {
                    "type": "Polygon",
                    "coordinates": [
                      [
                        [
                          35.125122088938944,
                          33.083103825902285
                        ],
                        [
                          35.083618173375726,
                          33.06315690622134
                        ],
                        [
                          34.91699216887355,
                          32.74390575016531
                        ],
                        [
                          34.967651385813944,
                          32.74390575016531
                        ],
                        [
                          35.11962895281613,
                          32.73979875443867
                        ],
                        [
                          35.29541020281612,
                          32.80241011061952
                        ],
                        [
                          35.33447263762354,
                          32.85010884820291
                        ],
                        [
                          35.252685546875,
                          33.189410912973145
                        ],
                        [
                          35.125122088938944,
                          33.083103825902285
                        ]
                      ]
                    ]
                  },
                  "properties": {
                    "id": "18e9e16d-af28-4261-80b1-29197a9d651c",
                    "icon": "",
                    "label": "Shilka",
                    "style": {
                      "initial": {
                        "fill": "black",
                        "fill-opacity": 0.3,
                        "stroke": "black",
                        "stroke-width": 2
                      }
                    },
                    "showLabel": true,
                    "showMeasures": false,
                    "componentType": "battery",
                    "configuration": {
                      "name": "Shilka",
                      "systems": "shilka"
                    }
                  }
                },
                "options": [
                  "polygon"
                ],
                "required": false,
                "friendlyName": ""
              }
            ],
            "systemTypeId": "fbe34242-d35d-463b-aa37-aa08d70c8fcf",
            "relatedComponentIds": []
          }
        ],
        "targetCount": 10,
        "originalDeployments": null
      }