{
        "name": "#4 280 targets - 3 battery",
        "assets": [
          {
            "id": "b324d434-395f-9764-2db0-5fca0c8a7aaf",
            "area": {
              "id": "7c5393e7-157b-48cf-b80d-bd9837a9b0c6",
              "type": "Feature",
              "geometry": {
                "type": "Polygon",
                "coordinates": [
                  [
                    [
                      35.00198367983102,
                      33.064052076201406
                    ],
                    [
                      35.17166139557956,
                      33.11518838383782
                    ],
                    [
                      35.230865459889166,
                      33.04972856068699
                    ],
                    [
                      35.18997191451489,
                      32.874589348101395
                    ],
                    [
                      35.17105102539062,
                      32.75045093962139
                    ],
                    [
                      34.96414181776344,
                      32.649268188202754
                    ],
                    [
                      34.875640864484005,
                      32.792020710011286
                    ],
                    [
                      35.00198367983102,
                      33.064052076201406
                    ]
                  ]
                ]
              },
              "properties": {
                "id": "b324d434-395f-9764-2db0-5fca0c8a7aaf",
                "icon": "",
                "mode": "Polygon",
                "label": "LOW",
                "style": {
                  "initial": {
                    "fill": "rgba(83,202,255, 0.9)",
                    "stroke": "rgba(83,202,255, 0.9)",
                    "fill-opacity": 0.1,
                    "stroke-width": 2
                  },
                  "opacity": 1
                },
                "showLabel": true,
                "showMeasures": false
              }
            },
            "name": "LOW",
            "priority": "Low",
            "resolution": null
          }
        ],
        "threats": [],
        "policies": [],
        "createdAt": "2020-04-06T08:05:49.514Z",
        "updatedAt": "2020-04-06T08:05:49.514Z",
        "analysisId": "b80185d4-7281-4b45-adb2-aa952a6bb56c",
        "deployments": [
          {
            "id": "4320c164-bd45-41c0-a279-f62cf459c290",
            "name": "shilka",
            "model": {
              "name": "shilka",
              "type": "battery",
              "classification": "system"
            },
            "visible": true,
            "children": [
              {
                "id": "4fe8bdb9-b81c-47e6-9255-7fdd8a442114",
                "name": "co-located",
                "model": {
                  "name": "sensor_type_rf",
                  "type": "sensor",
                  "classification": "physical"
                },
                "visible": false,
                "children": [],
                "entityId": "b0935577-53ab-48f1-b103-b5eeb769e55f",
                "properties": [
                  {
                    "id": 0,
                    "name": "name",
                    "type": "input",
                    "hidden": true,
                    "required": true,
                    "friendlyName": "Name"
                  },
                  {
                    "id": 2,
                    "name": "azimuth",
                    "type": "static",
                    "value": 0,
                    "required": true,
                    "friendlyName": "Azimuth"
                  },
                  {
                    "id": 3,
                    "name": "elevation",
                    "type": "input",
                    "value": 0,
                    "required": true,
                    "friendlyName": "Elevation"
                  },
                  {
                    "id": 4,
                    "name": "area",
                    "type": "geometry",
                    "value": {
                      "id": "97a8e079-66dc-4461-be35-0777ec43c389",
                      "type": "Feature",
                      "geometry": {
                        "type": "Point",
                        "coordinates": [
                          35.14541630633175,
                          33.05791370313585
                        ]
                      },
                      "properties": {
                        "id": "d3440387-5499-4da0-8dc4-6df13c96e5d3",
                        "icon": "assets/images/radarIcon.SVG",
                        "style": {
                          "initial": {
                            "fill": "black",
                            "stroke": "black",
                            "fill-opacity": 0.3,
                            "stroke-width": 2
                          }
                        },
                        "showLabel": true,
                        "showMeasures": false,
                        "componentType": "sensor",
                        "configuration": {
                          "radius": 20,
                          "sector": 180,
                          "azimuth": 0,
                          "elevation": 0
                        }
                      }
                    },
                    "options": [
                      "polygon",
                      "point"
                    ],
                    "required": true,
                    "friendlyName": ""
                  },
                  {
                    "id": 5,
                    "name": "radius",
                    "type": "static",
                    "value": 20,
                    "required": true,
                    "friendlyName": "Radius"
                  },
                  {
                    "id": 6,
                    "name": "sector",
                    "type": "static",
                    "value": 180,
                    "required": true,
                    "friendlyName": "Sector"
                  }
                ],
                "systemTypeId": "afee83a6-c30d-4b86-f5d6-898f45de4ce6"
              },
              {
                "id": "38df367c-cd5d-4f1f-b84a-7443234bf45b",
                "name": "co-located",
                "model": {
                  "name": "antenna_type_generic",
                  "type": "datalink",
                  "classification": "physical"
                },
                "visible": false,
                "children": [],
                "entityId": "40e28946-96bb-446c-b0f5-988fde16f6bf",
                "properties": [
                  {
                    "id": 0,
                    "name": "name",
                    "type": "input",
                    "hidden": true,
                    "required": true,
                    "defaultValue": null,
                    "friendlyName": "Name"
                  },
                  {
                    "id": 1,
                    "name": "area",
                    "type": "geometry",
                    "value": {
                      "id": "97a8e079-66dc-4461-be35-0777ec43c389",
                      "type": "Feature",
                      "geometry": {
                        "type": "Point",
                        "coordinates": [
                          35.14541630633175,
                          33.05791370313585
                        ]
                      },
                      "properties": {
                        "id": "94ed8f89-10e0-433e-8265-0572809975e3",
                        "icon": "assets/images/gdlIcon.SVG",
                        "style": {
                          "initial": {
                            "fill": "black",
                            "stroke": "black",
                            "fill-opacity": 0.3,
                            "stroke-width": 2
                          }
                        },
                        "showLabel": true,
                        "showMeasures": false,
                        "componentType": "datalink",
                        "configuration": {
                          "radius": 45
                        }
                      }
                    },
                    "options": [
                      "polygon",
                      "point"
                    ],
                    "required": true,
                    "friendlyName": ""
                  },
                  {
                    "id": 2,
                    "name": "radius",
                    "type": "static",
                    "value": 45,
                    "required": true,
                    "friendlyName": "Radius"
                  }
                ],
                "systemTypeId": "23a24af7-ks64-4c0c-813e-55e6902df744"
              },
              {
                "id": "aacbc5ae-d3c7-4be8-b214-e2c116836d14",
                "name": "eff",
                "model": {
                  "name": "effector_type_generic",
                  "type": "effector",
                  "classification": "physical"
                },
                "visible": true,
                "children": [],
                "entityId": "8fb999c0-0b73-4d8a-809b-ab58ea8cec71",
                "properties": [
                  {
                    "id": 0,
                    "name": "name",
                    "type": "input",
                    "value": "eff-Shilka",
                    "hidden": true,
                    "required": true,
                    "friendlyName": "Name"
                  },
                  {
                    "id": 1,
                    "name": "area",
                    "type": "geometry",
                    "value": {
                      "id": "97a8e079-66dc-4461-be35-0777ec43c389",
                      "type": "Feature",
                      "geometry": {
                        "type": "Point",
                        "coordinates": [
                          35.14541630633175,
                          33.05791370313585
                        ]
                      },
                      "properties": {
                        "id": "4183d49d-18f1-48ad-8ebd-bbc810387aa0",
                        "icon": "assets/images/launcherIcon.SVG",
                        "label": "eff-Shilka",
                        "style": {
                          "initial": {
                            "fill": "black",
                            "stroke": "black",
                            "fill-opacity": 0.3,
                            "stroke-width": 2
                          }
                        },
                        "showLabel": true,
                        "showMeasures": false,
                        "componentType": "effector",
                        "configuration": {
                          "name": "eff-Shilka",
                          "radius": 3
                        }
                      }
                    },
                    "options": [
                      "polygon",
                      "point"
                    ],
                    "required": true,
                    "friendlyName": ""
                  },
                  {
                    "id": 2,
                    "name": "radius",
                    "type": "static",
                    "value": 3,
                    "required": true,
                    "friendlyName": "Radius"
                  }
                ],
                "systemTypeId": "e72b98ec-75d7-451a-u887-4e9918518888",
                "relatedComponentIds": [
                  "4fe8bdb9-b81c-47e6-9255-7fdd8a442114",
                  "38df367c-cd5d-4f1f-b84a-7443234bf45b"
                ]
              },
              {
                "id": "f020f912-3859-4e87-b3e7-c0a547d7d66a",
                "name": "ccu-Shilka",
                "model": {
                  "name": "c4i_type_generic",
                  "type": "c4i",
                  "classification": "physical"
                },
                "visible": true,
                "children": [],
                "entityId": "594d2d64-3db5-47da-906e-71296b7a64d9",
                "properties": [
                  {
                    "id": 0,
                    "name": "name",
                    "type": "input",
                    "value": "ccu-Shilka",
                    "hidden": true,
                    "required": true,
                    "friendlyName": "Name"
                  },
                  {
                    "id": 1,
                    "name": "area",
                    "type": "geometry",
                    "value": {
                      "id": "7ba50a04-0a0f-4348-aac2-5df139493de9",
                      "type": "Feature",
                      "geometry": {
                        "type": "Point",
                        "coordinates": [
                          35.18386845476925,
                          33.06405207229889
                        ]
                      },
                      "properties": {
                        "id": "1ed4698d-d231-467c-8df1-9657ad9443ef",
                        "icon": "assets/images/bmcIcon.SVG",
                        "label": "ccu-Shilka",
                        "style": {
                          "initial": {
                            "fill": "black",
                            "stroke": "black",
                            "fill-opacity": 0.3,
                            "stroke-width": 2
                          }
                        },
                        "showLabel": true,
                        "showMeasures": false,
                        "componentType": "c4i",
                        "configuration": {
                          "name": "ccu-Shilka"
                        }
                      }
                    },
                    "options": [
                      "polygon",
                      "point"
                    ],
                    "required": true,
                    "friendlyName": ""
                  }
                ],
                "systemTypeId": "97e9d87f-93b5-4064-930e-61283560775c",
                "relatedComponentIds": []
              }
            ],
            "entityId": "d09a8ffc-8b0f-4dbc-ba4d-5948a6ac1a21",
            "properties": [
              {
                "id": 0,
                "name": "name",
                "type": "input",
                "value": "shilka",
                "hidden": true,
                "required": true,
                "defaultValue": null,
                "friendlyName": "Name"
              },
              {
                "id": 1,
                "name": "systems",
                "type": "dropdown",
                "value": "shilka",
                "hidden": true,
                "required": true,
                "friendlyName": "Systems"
              },
              {
                "id": 2,
                "name": "area",
                "type": "geometry",
                "value": {
                  "id": "9022202b-1647-4f4f-ac98-adbfa17c4583",
                  "type": "Feature",
                  "geometry": {
                    "type": "Polygon",
                    "coordinates": [
                      [
                        [
                          35.13992307707667,
                          33.09422609854032
                        ],
                        [
                          35.19973759539425,
                          33.090135300524665
                        ],
                        [
                          35.16922000795603,
                          32.97244383331304
                        ],
                        [
                          35.06362915039062,
                          32.968347369114156
                        ],
                        [
                          35.05386356264353,
                          33.0016255132232
                        ],
                        [
                          35.13992307707667,
                          33.09422609854032
                        ]
                      ]
                    ]
                  },
                  "properties": {
                    "id": "ca158fba-c076-416d-b160-27a64896cb7a",
                    "icon": "",
                    "label": "shilka",
                    "style": {
                      "initial": {
                        "fill": "black",
                        "stroke": "black",
                        "fill-opacity": 0.3,
                        "stroke-width": 2
                      }
                    },
                    "showLabel": true,
                    "showMeasures": false,
                    "componentType": "battery",
                    "configuration": {
                      "name": "shilka",
                      "systems": "shilka"
                    }
                  }
                },
                "options": [
                  "polygon"
                ],
                "required": false,
                "friendlyName": ""
              }
            ],
            "systemTypeId": "fbe34242-d35d-463b-aa37-aa08d70c8fcf",
            "relatedComponentIds": []
          },
          {
            "id": "91e2d9c2-31ac-4344-b97f-afd5ef5da7a6",
            "name": "sr",
            "model": {
              "name": "spyder-sr",
              "type": "battery",
              "classification": "system"
            },
            "visible": true,
            "children": [
              {
                "id": "f8bba590-9ba3-43dc-b8a0-ea3278553b71",
                "name": "sen-sr",
                "model": {
                  "name": "sensor_type_rf",
                  "type": "sensor",
                  "classification": "physical"
                },
                "visible": true,
                "children": [],
                "entityId": "b0935577-53ab-48f1-b103-b5eeb769e55f",
                "properties": [
                  {
                    "id": 0,
                    "name": "name",
                    "type": "input",
                    "value": "sen-sr",
                    "hidden": true,
                    "required": true,
                    "friendlyName": "Name"
                  },
                  {
                    "id": 2,
                    "name": "azimuth",
                    "type": "static",
                    "value": 0,
                    "required": true,
                    "friendlyName": "Azimuth"
                  },
                  {
                    "id": 3,
                    "name": "elevation",
                    "type": "input",
                    "value": 0,
                    "required": true,
                    "friendlyName": "Elevation"
                  },
                  {
                    "id": 4,
                    "name": "area",
                    "type": "geometry",
                    "value": {
                      "id": "d530336e-3eb4-4362-8627-6828be7b9964",
                      "type": "Feature",
                      "geometry": {
                        "type": "Point",
                        "coordinates": [
                          35.08499150164425,
                          32.91661340010289
                        ]
                      },
                      "properties": {
                        "id": "8ccb97c0-c2b7-40cc-a685-c10b8f9e30e3",
                        "icon": "assets/images/radarIcon.SVG",
                        "label": "sen-sr",
                        "style": {
                          "initial": {
                            "fill": "black",
                            "stroke": "black",
                            "fill-opacity": 0.3,
                            "stroke-width": 2
                          }
                        },
                        "showLabel": true,
                        "showMeasures": false,
                        "componentType": "sensor",
                        "configuration": {
                          "name": "sen-sr",
                          "radius": 100,
                          "sector": 180,
                          "azimuth": 0,
                          "elevation": 0
                        }
                      }
                    },
                    "options": [
                      "polygon",
                      "point"
                    ],
                    "required": true,
                    "friendlyName": ""
                  },
                  {
                    "id": 5,
                    "name": "radius",
                    "type": "static",
                    "value": 100,
                    "required": true,
                    "friendlyName": "Radius"
                  },
                  {
                    "id": 6,
                    "name": "sector",
                    "type": "static",
                    "value": 180,
                    "required": true,
                    "friendlyName": "Sector"
                  }
                ],
                "systemTypeId": "afee83a6-c30d-4b86-a3c4-797f45de4ce6",
                "relatedComponentIds": []
              },
              {
                "id": "562c09c9-7387-4845-b693-9f1f4d0a5eff",
                "name": "eff-SR",
                "model": {
                  "name": "effector_type_generic",
                  "type": "effector",
                  "classification": "physical"
                },
                "visible": true,
                "children": [],
                "entityId": "8fb999c0-0b73-4d8a-809b-ab58ea8cec71",
                "properties": [
                  {
                    "id": 0,
                    "name": "name",
                    "type": "input",
                    "value": "eff-SR",
                    "hidden": true,
                    "required": true,
                    "friendlyName": "Name"
                  },
                  {
                    "id": 1,
                    "name": "area",
                    "type": "geometry",
                    "value": {
                      "id": "816bcb07-12be-4323-a36a-9272e1d6bfc1",
                      "type": "Feature",
                      "geometry": {
                        "type": "Point",
                        "coordinates": [
                          35.110626211389885,
                          32.87766494077282
                        ]
                      },
                      "properties": {
                        "id": "8edcf5f4-9da7-4d1b-9733-7e3d9b572df4",
                        "icon": "assets/images/launcherIcon.SVG",
                        "label": "eff-SR",
                        "style": {
                          "initial": {
                            "fill": "black",
                            "stroke": "black",
                            "fill-opacity": 0.3,
                            "stroke-width": 2
                          }
                        },
                        "showLabel": true,
                        "showMeasures": false,
                        "componentType": "effector",
                        "configuration": {
                          "name": "eff-SR",
                          "radius": 20
                        }
                      }
                    },
                    "options": [
                      "polygon",
                      "point"
                    ],
                    "required": true,
                    "friendlyName": ""
                  },
                  {
                    "id": 2,
                    "name": "radius",
                    "type": "static",
                    "value": 20,
                    "required": true,
                    "friendlyName": "Radius"
                  }
                ],
                "systemTypeId": "e72b98ec-75d7-451a-b002-4e9918518888",
                "relatedComponentIds": []
              },
              {
                "id": "491a34ad-929b-450a-b9b2-3675a744bf44",
                "name": "ccu",
                "model": {
                  "name": "c4i_type_generic",
                  "type": "c4i",
                  "classification": "physical"
                },
                "visible": true,
                "children": [],
                "entityId": "594d2d64-3db5-47da-906e-71296b7a64d9",
                "properties": [
                  {
                    "id": 0,
                    "name": "name",
                    "type": "input",
                    "value": "ccu",
                    "hidden": true,
                    "required": true,
                    "friendlyName": "Name"
                  },
                  {
                    "id": 1,
                    "name": "area",
                    "type": "geometry",
                    "value": {
                      "id": "4c2f5e06-a223-4952-9006-e8ab46197877",
                      "type": "Feature",
                      "geometry": {
                        "type": "Point",
                        "coordinates": [
                          35.12100216932594,
                          32.876127173418894
                        ]
                      },
                      "properties": {
                        "id": "354dbd44-2ac2-4079-858e-3d031f1b14f3",
                        "icon": "assets/images/bmcIcon.SVG",
                        "label": "ccu",
                        "style": {
                          "initial": {
                            "fill": "black",
                            "stroke": "black",
                            "fill-opacity": 0.3,
                            "stroke-width": 2
                          }
                        },
                        "showLabel": true,
                        "showMeasures": false,
                        "componentType": "c4i",
                        "configuration": {
                          "name": "ccu"
                        }
                      }
                    },
                    "options": [
                      "polygon",
                      "point"
                    ],
                    "required": true,
                    "friendlyName": ""
                  }
                ],
                "systemTypeId": "97e9d87f-93b5-4064-930e-61283560775c",
                "relatedComponentIds": []
              },
              {
                "id": "6db87eb8-42bc-4ec4-ac57-fa6980415e37",
                "name": "dl",
                "model": {
                  "name": "antenna_type_generic",
                  "type": "datalink",
                  "classification": "physical"
                },
                "visible": true,
                "children": [],
                "entityId": "40e28946-96bb-446c-b0f5-988fde16f6bf",
                "properties": [
                  {
                    "id": 0,
                    "name": "name",
                    "type": "input",
                    "value": "dl",
                    "hidden": true,
                    "required": true,
                    "defaultValue": null,
                    "friendlyName": "Name"
                  },
                  {
                    "id": 1,
                    "name": "area",
                    "type": "geometry",
                    "value": {
                      "id": "5d67627f-0b68-44a8-9fd7-32684c7f8cda",
                      "type": "Feature",
                      "geometry": {
                        "type": "Point",
                        "coordinates": [
                          35.117340115830295,
                          32.86895045572274
                        ]
                      },
                      "properties": {
                        "id": "02fc8135-ca5b-4801-96e5-d751d86b7328",
                        "icon": "assets/images/gdlIcon.SVG",
                        "label": "dl",
                        "style": {
                          "initial": {
                            "fill": "black",
                            "stroke": "black",
                            "fill-opacity": 0.3,
                            "stroke-width": 2
                          }
                        },
                        "showLabel": true,
                        "showMeasures": false,
                        "componentType": "datalink",
                        "configuration": {
                          "name": "dl",
                          "radius": 30
                        }
                      }
                    },
                    "options": [
                      "polygon",
                      "point"
                    ],
                    "required": true,
                    "friendlyName": ""
                  },
                  {
                    "id": 2,
                    "name": "radius",
                    "type": "static",
                    "value": 30,
                    "required": true,
                    "friendlyName": "Radius"
                  }
                ],
                "systemTypeId": "23a24af7-de89-4c0c-803e-55e6902df744",
                "relatedComponentIds": []
              }
            ],
            "entityId": "d09a8ffc-8b0f-4dbc-ba4d-5948a6ac1a21",
            "properties": [
              {
                "id": 0,
                "name": "name",
                "type": "input",
                "value": "sr",
                "hidden": true,
                "required": true,
                "defaultValue": null,
                "friendlyName": "Name"
              },
              {
                "id": 1,
                "name": "systems",
                "type": "dropdown",
                "value": "spyder-sr",
                "hidden": true,
                "required": true,
                "friendlyName": "Systems"
              },
              {
                "id": 2,
                "name": "area",
                "type": "geometry",
                "value": {
                  "id": "8f944da2-ad06-465b-abce-6efaa9e94a9f",
                  "type": "Feature",
                  "geometry": {
                    "type": "Polygon",
                    "coordinates": [
                      [
                        [
                          35.05813596770167,
                          32.94376471200178
                        ],
                        [
                          35.193634042516344,
                          32.92839710288513
                        ],
                        [
                          35.135040264576666,
                          32.818184290291384
                        ],
                        [
                          35.045318612828844,
                          32.83716091728023
                        ],
                        [
                          35.05813596770167,
                          32.94376471200178
                        ]
                      ]
                    ]
                  },
                  "properties": {
                    "id": "6ecda01b-6307-4d4a-adcc-19a4cad16deb",
                    "icon": "",
                    "label": "sr",
                    "style": {
                      "initial": {
                        "fill": "black",
                        "stroke": "black",
                        "fill-opacity": 0.3,
                        "stroke-width": 2
                      }
                    },
                    "showLabel": true,
                    "showMeasures": false,
                    "componentType": "battery",
                    "configuration": {
                      "name": "sr",
                      "systems": "spyder-sr"
                    }
                  }
                },
                "options": [
                  "polygon"
                ],
                "required": false,
                "friendlyName": ""
              }
            ],
            "systemTypeId": "hbe38787-k35d-6d3b-aa37-aa08d70c8fcf",
            "relatedComponentIds": []
          },
          {
            "id": "7fe05e80-7957-4489-93bf-74579fe0466e",
            "name": "MR",
            "model": {
              "name": "spyder-mr",
              "type": "battery",
              "classification": "system"
            },
            "visible": true,
            "children": [
              {
                "id": "a05da70b-2173-4c49-94e8-25fd834e1a49",
                "name": "senMR",
                "model": {
                  "name": "sensor_type_rf",
                  "type": "sensor",
                  "classification": "physical"
                },
                "visible": true,
                "children": [],
                "entityId": "b0935577-53ab-48f1-b103-b5eeb769e55f",
                "properties": [
                  {
                    "id": 0,
                    "name": "name",
                    "type": "input",
                    "value": "senMR",
                    "hidden": true,
                    "required": true,
                    "friendlyName": "Name"
                  },
                  {
                    "id": 2,
                    "name": "azimuth",
                    "type": "static",
                    "value": 0,
                    "required": true,
                    "friendlyName": "Azimuth"
                  },
                  {
                    "id": 3,
                    "name": "elevation",
                    "type": "input",
                    "value": 0,
                    "required": true,
                    "friendlyName": "Elevation"
                  },
                  {
                    "id": 4,
                    "name": "area",
                    "type": "geometry",
                    "value": {
                      "id": "f2ce8a90-5238-4373-ad4c-da278cfa290c",
                      "type": "Feature",
                      "geometry": {
                        "type": "Point",
                        "coordinates": [
                          34.97207645326853,
                          32.81202886640678
                        ]
                      },
                      "properties": {
                        "id": "4f09b63c-60f0-4c78-aa56-48c8a3d7d8c6",
                        "icon": "assets/images/radarIcon.SVG",
                        "label": "senMR",
                        "style": {
                          "initial": {
                            "fill": "black",
                            "stroke": "black",
                            "fill-opacity": 0.3,
                            "stroke-width": 2
                          }
                        },
                        "showLabel": true,
                        "showMeasures": false,
                        "componentType": "sensor",
                        "configuration": {
                          "name": "senMR",
                          "radius": 250,
                          "sector": 180,
                          "azimuth": 0,
                          "elevation": 0
                        }
                      }
                    },
                    "options": [
                      "polygon",
                      "point"
                    ],
                    "required": true,
                    "friendlyName": ""
                  },
                  {
                    "id": 5,
                    "name": "radius",
                    "type": "static",
                    "value": 250,
                    "required": true,
                    "friendlyName": "Radius"
                  },
                  {
                    "id": 6,
                    "name": "sector",
                    "type": "static",
                    "value": 180,
                    "required": true,
                    "friendlyName": "Sector"
                  }
                ],
                "systemTypeId": "afee83a6-g55u-4b86-a3c4-797f67yh4ce6",
                "relatedComponentIds": []
              },
              {
                "id": "72937f06-a689-4205-a283-0223504ab287",
                "name": "effMR",
                "model": {
                  "name": "effector_type_generic",
                  "type": "effector",
                  "classification": "physical"
                },
                "visible": true,
                "children": [],
                "entityId": "8fb999c0-0b73-4d8a-809b-ab58ea8cec71",
                "properties": [
                  {
                    "id": 0,
                    "name": "name",
                    "type": "input",
                    "value": "effMR",
                    "hidden": true,
                    "required": true,
                    "friendlyName": "Name"
                  },
                  {
                    "id": 1,
                    "name": "area",
                    "type": "geometry",
                    "value": {
                      "id": "53064215-525d-4718-ace4-cee2cb312a9e",
                      "type": "Feature",
                      "geometry": {
                        "type": "Point",
                        "coordinates": [
                          35.0062560942024,
                          32.78688967062833
                        ]
                      },
                      "properties": {
                        "id": "320e6b52-c67f-4196-b439-211a3f2e1723",
                        "icon": "assets/images/launcherIcon.SVG",
                        "label": "effMR",
                        "style": {
                          "initial": {
                            "fill": "black",
                            "stroke": "black",
                            "fill-opacity": 0.3,
                            "stroke-width": 2
                          }
                        },
                        "showLabel": true,
                        "showMeasures": false,
                        "componentType": "effector",
                        "configuration": {
                          "name": "effMR",
                          "radius": 35
                        }
                      }
                    },
                    "options": [
                      "polygon",
                      "point"
                    ],
                    "required": true,
                    "friendlyName": ""
                  },
                  {
                    "id": 2,
                    "name": "radius",
                    "type": "static",
                    "value": 35,
                    "required": true,
                    "friendlyName": "Radius"
                  }
                ],
                "systemTypeId": "e72b98ec-85g7-451a-b002-4e9918518888",
                "relatedComponentIds": []
              },
              {
                "id": "37d7afcd-3848-45dc-ae86-ea7e3d9f697d",
                "name": "ccuMR",
                "model": {
                  "name": "c4i_type_generic",
                  "type": "c4i",
                  "classification": "physical"
                },
                "visible": true,
                "children": [],
                "entityId": "594d2d64-3db5-47da-906e-71296b7a64d9",
                "properties": [
                  {
                    "id": 0,
                    "name": "name",
                    "type": "input",
                    "value": "ccuMR",
                    "hidden": true,
                    "required": true,
                    "friendlyName": "Name"
                  },
                  {
                    "id": 1,
                    "name": "area",
                    "type": "geometry",
                    "value": {
                      "id": "d0723033-422a-4d93-ad60-46a8e31e2a56",
                      "type": "Feature",
                      "geometry": {
                        "type": "Point",
                        "coordinates": [
                          35.02090455964208,
                          32.78791589435605
                        ]
                      },
                      "properties": {
                        "id": "aa834e2a-30f3-48ec-9881-3823ccb01883",
                        "icon": "assets/images/bmcIcon.SVG",
                        "label": "ccuMR",
                        "style": {
                          "initial": {
                            "fill": "black",
                            "stroke": "black",
                            "fill-opacity": 0.3,
                            "stroke-width": 2
                          }
                        },
                        "showLabel": true,
                        "showMeasures": false,
                        "componentType": "c4i",
                        "configuration": {
                          "name": "ccuMR"
                        }
                      }
                    },
                    "options": [
                      "polygon",
                      "point"
                    ],
                    "required": true,
                    "friendlyName": ""
                  }
                ],
                "systemTypeId": "97e9d87f-93b5-4064-930e-61283560775c",
                "relatedComponentIds": []
              },
              {
                "id": "2fa900e1-900e-445d-b8b2-d7a9c4ee3b8c",
                "name": "dlMR",
                "model": {
                  "name": "antenna_type_generic",
                  "type": "datalink",
                  "classification": "physical"
                },
                "visible": true,
                "children": [],
                "entityId": "40e28946-96bb-446c-b0f5-988fde16f6bf",
                "properties": [
                  {
                    "id": 0,
                    "name": "name",
                    "type": "input",
                    "value": "dlMR",
                    "hidden": true,
                    "required": true,
                    "defaultValue": null,
                    "friendlyName": "Name"
                  },
                  {
                    "id": 1,
                    "name": "area",
                    "type": "geometry",
                    "value": {
                      "id": "73277cbe-dcfb-4705-b738-b2b0b20e5986",
                      "type": "Feature",
                      "geometry": {
                        "type": "Point",
                        "coordinates": [
                          34.9897766020149,
                          32.762256643961734
                        ]
                      },
                      "properties": {
                        "id": "4d237069-6bc5-4c9a-9db0-beb09e484ac9",
                        "icon": "assets/images/gdlIcon.SVG",
                        "label": "dlMR",
                        "style": {
                          "initial": {
                            "fill": "black",
                            "stroke": "black",
                            "fill-opacity": 0.3,
                            "stroke-width": 2
                          }
                        },
                        "showLabel": true,
                        "showMeasures": false,
                        "componentType": "datalink",
                        "configuration": {
                          "name": "dlMR",
                          "radius": 45
                        }
                      }
                    },
                    "options": [
                      "polygon",
                      "point"
                    ],
                    "required": true,
                    "friendlyName": ""
                  },
                  {
                    "id": 2,
                    "name": "radius",
                    "type": "static",
                    "value": 45,
                    "required": true,
                    "friendlyName": "Radius"
                  }
                ],
                "systemTypeId": "23a24af7-gh54-4c0c-803e-55e6902df744",
                "relatedComponentIds": []
              }
            ],
            "entityId": "d09a8ffc-8b0f-4dbc-ba4d-5948a6ac1a21",
            "properties": [
              {
                "id": 0,
                "name": "name",
                "type": "input",
                "value": "MR",
                "hidden": true,
                "required": true,
                "defaultValue": null,
                "friendlyName": "Name"
              },
              {
                "id": 1,
                "name": "systems",
                "type": "dropdown",
                "value": "spyder-mr",
                "hidden": true,
                "required": true,
                "friendlyName": "Systems"
              },
              {
                "id": 2,
                "name": "area",
                "type": "geometry",
                "value": {
                  "id": "3bb68b20-4eba-4b56-9983-d56b4ffaea1b",
                  "type": "Feature",
                  "geometry": {
                    "type": "Polygon",
                    "coordinates": [
                      [
                        [
                          34.856262207031236,
                          32.896244463078176
                        ],
                        [
                          35.11016849428414,
                          32.84292998200837
                        ],
                        [
                          35.06744392216205,
                          32.741338945062594
                        ],
                        [
                          34.86602779477834,
                          32.67251950749579
                        ],
                        [
                          34.856262207031236,
                          32.896244463078176
                        ]
                      ]
                    ]
                  },
                  "properties": {
                    "id": "b83a7d3b-4a4f-4f22-b7fe-c2071bc2b3e6",
                    "icon": "",
                    "label": "MR",
                    "style": {
                      "initial": {
                        "fill": "black",
                        "stroke": "black",
                        "fill-opacity": 0.3,
                        "stroke-width": 2
                      }
                    },
                    "showLabel": true,
                    "showMeasures": false,
                    "componentType": "battery",
                    "configuration": {
                      "name": "MR",
                      "systems": "spyder-mr"
                    }
                  }
                },
                "options": [
                  "polygon"
                ],
                "required": false,
                "friendlyName": ""
              }
            ],
            "systemTypeId": "fbe36767-d35g-463b-aa37-aa08d70c8fcf",
            "relatedComponentIds": []
          }
        ],
        "targetCount": 280,
        "originalDeployments": null
      }