{
        "name": "#6 2800 targets - SR opt",
        "assets": [
          {
            "id": "b35c5c19-6577-b029-0b67-f3255016d32c",
            "area": {
              "id": "c5f305f9-6c34-4608-85ea-bbaf5b85526a",
              "type": "Feature",
              "geometry": {
                "type": "Polygon",
                "coordinates": [
                  [
                    [
                      34.9011231213808,
                      32.676886226073876
                    ],
                    [
                      35.0769043713808,
                      32.80215360446189
                    ],
                    [
                      35.020751990377896,
                      32.931342768729166
                    ],
                    [
                      34.954834021627896,
                      32.91289869944127
                    ],
                    [
                      34.9011231213808,
                      32.676886226073876
                    ]
                  ]
                ]
              },
              "properties": {
                "id": "b35c5c19-6577-b029-0b67-f3255016d32c",
                "icon": "",
                "mode": "Polygon",
                "label": "med",
                "style": {
                  "initial": {
                    "fill": "rgba(255, 169, 83, 0.9)",
                    "stroke": "rgba(255, 169, 83, 0.9)",
                    "fill-opacity": 0.1,
                    "stroke-width": 2
                  },
                  "opacity": 1
                },
                "showLabel": true,
                "showMeasures": false
              }
            },
            "name": "med",
            "priority": "Medium",
            "resolution": null
          }
        ],
        "threats": [],
        "policies": [],
        "createdAt": "2020-04-06T12:01:44.284Z",
        "updatedAt": "2020-04-06T12:01:44.284Z",
        "analysisId": "7f5f3467-808f-475b-9ee0-5200112f36b2",
        "deployments": [
          {
            "id": "9589d5c2-029d-4b26-bd08-9fa98011c511",
            "name": "SR",
            "model": {
              "name": "spyder-sr",
              "type": "battery",
              "classification": "system"
            },
            "visible": true,
            "children": [
              {
                "id": "1022665c-abda-422e-bdcf-0fce189e578c",
                "name": "sen",
                "model": {
                  "name": "sensor_type_rf",
                  "type": "sensor",
                  "classification": "physical"
                },
                "visible": true,
                "children": [],
                "entityId": "b0935577-53ab-48f1-b103-b5eeb769e55f",
                "properties": [
                  {
                    "id": 0,
                    "name": "name",
                    "type": "input",
                    "value": "sen",
                    "hidden": true,
                    "required": true,
                    "friendlyName": "Name"
                  },
                  {
                    "id": 2,
                    "name": "azimuth",
                    "type": "static",
                    "value": 0,
                    "required": true,
                    "friendlyName": "Azimuth"
                  },
                  {
                    "id": 3,
                    "name": "elevation",
                    "type": "input",
                    "value": 0,
                    "required": true,
                    "friendlyName": "Elevation"
                  },
                  {
                    "id": 4,
                    "name": "area",
                    "type": "geometry",
                    "value": {
                      "id": "0ee4a865-6f2f-440a-9b48-a2fd3ecce132",
                      "type": "Feature",
                      "geometry": {
                        "type": "Polygon",
                        "coordinates": [
                          [
                            [
                              35.026321429759264,
                              32.909440012410954
                            ],
                            [
                              35.16853332519531,
                              32.934032188081346
                            ],
                            [
                              35.112381028011434,
                              32.862285871304024
                            ],
                            [
                              35.055007906630635,
                              32.7668758692714
                            ],
                            [
                              35.02388003282248,
                              32.781758354822784
                            ],
                            [
                              35.026321429759264,
                              32.909440012410954
                            ]
                          ]
                        ]
                      },
                      "properties": {
                        "id": "f14918c6-8318-43a3-a05b-61fc0e033902",
                        "icon": "assets/images/radarIcon.SVG",
                        "label": "sen",
                        "style": {
                          "initial": {
                            "fill": "black",
                            "stroke": "black",
                            "fill-opacity": 0.3,
                            "stroke-width": 2
                          }
                        },
                        "showLabel": true,
                        "showMeasures": false,
                        "componentType": "sensor",
                        "configuration": {
                          "name": "sen",
                          "radius": 100,
                          "sector": 180,
                          "azimuth": 0,
                          "elevation": 0
                        }
                      }
                    },
                    "options": [
                      "polygon",
                      "point"
                    ],
                    "required": true,
                    "friendlyName": ""
                  },
                  {
                    "id": 5,
                    "name": "radius",
                    "type": "static",
                    "value": 100,
                    "required": true,
                    "friendlyName": "Radius"
                  },
                  {
                    "id": 6,
                    "name": "sector",
                    "type": "static",
                    "value": 180,
                    "required": true,
                    "friendlyName": "Sector"
                  }
                ],
                "systemTypeId": "afee83a6-c30d-4b86-a3c4-797f45de4ce6",
                "relatedComponentIds": []
              },
              {
                "id": "a47eadd9-c82f-4bf0-ab4d-257cd6b3a7e8",
                "name": "eff",
                "model": {
                  "name": "effector_type_generic",
                  "type": "effector",
                  "classification": "physical"
                },
                "visible": true,
                "children": [],
                "entityId": "8fb999c0-0b73-4d8a-809b-ab58ea8cec71",
                "properties": [
                  {
                    "id": 0,
                    "name": "name",
                    "type": "input",
                    "value": "eff",
                    "hidden": true,
                    "required": true,
                    "friendlyName": "Name"
                  },
                  {
                    "id": 1,
                    "name": "area",
                    "type": "geometry",
                    "value": {
                      "id": "2a081c33-0854-4797-bb20-08e01f8c0186",
                      "type": "Feature",
                      "geometry": {
                        "type": "Point",
                        "coordinates": [
                          35.09407042525709,
                          33.009303276471954
                        ]
                      },
                      "properties": {
                        "id": "221053a3-c673-4c2d-b8d2-b721d835aa6d",
                        "icon": "assets/images/launcherIcon.SVG",
                        "label": "eff",
                        "style": {
                          "initial": {
                            "fill": "black",
                            "stroke": "black",
                            "fill-opacity": 0.3,
                            "stroke-width": 2
                          }
                        },
                        "showLabel": true,
                        "showMeasures": false,
                        "componentType": "effector",
                        "configuration": {
                          "name": "eff",
                          "radius": 20
                        }
                      }
                    },
                    "options": [
                      "polygon",
                      "point"
                    ],
                    "required": true,
                    "friendlyName": ""
                  },
                  {
                    "id": 2,
                    "name": "radius",
                    "type": "static",
                    "value": 20,
                    "required": true,
                    "friendlyName": "Radius"
                  }
                ],
                "systemTypeId": "e72b98ec-75d7-451a-b002-4e9918518888",
                "relatedComponentIds": []
              },
              {
                "id": "56f64709-cbe1-44e9-9910-2546f5cae2d4",
                "name": "ccu",
                "model": {
                  "name": "c4i_type_generic",
                  "type": "c4i",
                  "classification": "physical"
                },
                "visible": true,
                "children": [],
                "entityId": "594d2d64-3db5-47da-906e-71296b7a64d9",
                "properties": [
                  {
                    "id": 0,
                    "name": "name",
                    "type": "input",
                    "value": "ccu",
                    "hidden": true,
                    "required": true,
                    "friendlyName": "Name"
                  },
                  {
                    "id": 1,
                    "name": "area",
                    "type": "geometry",
                    "value": {
                      "id": "e81c946c-38aa-432f-80a8-893e07c744d2",
                      "type": "Feature",
                      "geometry": {
                        "type": "Point",
                        "coordinates": [
                          35.10139469988644,
                          32.97039563472853
                        ]
                      },
                      "properties": {
                        "id": "1086cea3-4a34-45b0-b473-302bd09fb167",
                        "icon": "assets/images/bmcIcon.SVG",
                        "label": "ccu",
                        "style": {
                          "initial": {
                            "fill": "black",
                            "stroke": "black",
                            "fill-opacity": 0.3,
                            "stroke-width": 2
                          }
                        },
                        "showLabel": true,
                        "showMeasures": false,
                        "componentType": "c4i",
                        "configuration": {
                          "name": "ccu"
                        }
                      }
                    },
                    "options": [
                      "polygon",
                      "point"
                    ],
                    "required": true,
                    "friendlyName": ""
                  }
                ],
                "systemTypeId": "97e9d87f-93b5-4064-930e-61283560775c",
                "relatedComponentIds": []
              },
              {
                "id": "4455c285-711a-4833-bf87-1957c13e90f0",
                "name": "dl",
                "model": {
                  "name": "antenna_type_generic",
                  "type": "datalink",
                  "classification": "physical"
                },
                "visible": true,
                "children": [],
                "entityId": "40e28946-96bb-446c-b0f5-988fde16f6bf",
                "properties": [
                  {
                    "id": 0,
                    "name": "name",
                    "type": "input",
                    "value": "dl",
                    "hidden": true,
                    "required": true,
                    "defaultValue": null,
                    "friendlyName": "Name"
                  },
                  {
                    "id": 1,
                    "name": "area",
                    "type": "geometry",
                    "value": {
                      "id": "419b3aae-9453-4d01-9dc2-dfe947764adb",
                      "type": "Feature",
                      "geometry": {
                        "type": "Point",
                        "coordinates": [
                          35.068435715511434,
                          32.926860196682156
                        ]
                      },
                      "properties": {
                        "id": "316d1b40-bc97-4b82-b8d2-7d767389c314",
                        "icon": "assets/images/gdlIcon.SVG",
                        "label": "dl",
                        "style": {
                          "initial": {
                            "fill": "black",
                            "stroke": "black",
                            "fill-opacity": 0.3,
                            "stroke-width": 2
                          }
                        },
                        "showLabel": true,
                        "showMeasures": false,
                        "componentType": "datalink",
                        "configuration": {
                          "name": "dl",
                          "radius": 30
                        }
                      }
                    },
                    "options": [
                      "polygon",
                      "point"
                    ],
                    "required": true,
                    "friendlyName": ""
                  },
                  {
                    "id": 2,
                    "name": "radius",
                    "type": "static",
                    "value": 30,
                    "required": true,
                    "friendlyName": "Radius"
                  }
                ],
                "systemTypeId": "23a24af7-de89-4c0c-803e-55e6902df744",
                "relatedComponentIds": []
              }
            ],
            "entityId": "d09a8ffc-8b0f-4dbc-ba4d-5948a6ac1a21",
            "properties": [
              {
                "id": 0,
                "name": "name",
                "type": "input",
                "value": "SR",
                "hidden": true,
                "required": true,
                "defaultValue": null,
                "friendlyName": "Name"
              },
              {
                "id": 1,
                "name": "systems",
                "type": "dropdown",
                "value": "spyder-sr",
                "hidden": true,
                "required": true,
                "friendlyName": "Systems"
              },
              {
                "id": 2,
                "name": "area",
                "type": "geometry",
                "value": {
                  "id": "5aabe12c-4073-4e02-a795-0993ff443eac",
                  "type": "Feature",
                  "geometry": {
                    "type": "Polygon",
                    "coordinates": [
                      [
                        [
                          35.17524722963571,
                          33.08399876954313
                        ],
                        [
                          35.11177065782248,
                          33.08451017965646
                        ],
                        [
                          35.03425599075853,
                          33.041031040470585
                        ],
                        [
                          35.00190737657249,
                          32.90739036183648
                        ],
                        [
                          34.99397281557321,
                          32.796125238352886
                        ],
                        [
                          35.11054991744459,
                          32.78842903505492
                        ],
                        [
                          35.17524722963571,
                          33.08399876954313
                        ]
                      ]
                    ]
                  },
                  "properties": {
                    "id": "220418d1-70c1-4b4a-b422-c9668fd6cdaa",
                    "icon": "",
                    "label": "SR",
                    "style": {
                      "initial": {
                        "fill": "black",
                        "stroke": "black",
                        "fill-opacity": 0.3,
                        "stroke-width": 2
                      }
                    },
                    "showLabel": true,
                    "showMeasures": false,
                    "componentType": "battery",
                    "configuration": {
                      "name": "SR",
                      "systems": "spyder-sr"
                    }
                  }
                },
                "options": [
                  "polygon"
                ],
                "required": false,
                "friendlyName": ""
              }
            ],
            "systemTypeId": "hbe38787-k35d-6d3b-aa37-aa08d70c8fcf",
            "relatedComponentIds": []
          }
        ],
        "targetCount": 2800
      }
